group	recovered	scenario
NN        	0        	Nagoya    
NN        	0        	Nagoya    
NN        	1       	Nagoya    
NN        	0        	Nagoya    
NN        	0        	Nagoya    
NN        	0        	Nagoya    
NN        	1       	Nagoya    
NN        	1       	Nagoya    
YN        	0        	Nagoya    
YN        	1       	Nagoya    
YN        	0        	Nagoya    
YN        	0        	Nagoya    
YN        	0        	Nagoya    
YN        	0        	Nagoya    
YN        	0        	Nagoya    
YN        	1       	Nagoya    
NY        	0        	Nagoya    
NY        	0        	Nagoya    
NY        	1       	Nagoya    
NY        	1       	Nagoya    
NY        	0        	Nagoya    
NY        	1       	Nagoya    
NY        	NA        	Nagoya    
NY        	NA        	Nagoya    
YY        	0        	Nagoya    
YY        	0        	Nagoya    
YY        	0        	Nagoya    
YY        	0        	Nagoya    
YY        	0        	Nagoya    
YY        	0        	Nagoya    
YY        	1       	Nagoya    
YY        	NA        	Nagoya    
inflight  	0        	Nagoya    
inflight  	0        	Nagoya    
inflight  	0        	Nagoya    
inflight  	1       	Nagoya    
inflight  	0        	Nagoya    
inflight  	1       	Nagoya    
inflight  	1       	Nagoya    
YN        	0        	Birmingham
YN        	0        	Birmingham
YN        	0        	Birmingham
YN        	0        	Birmingham
YN        	0        	Birmingham
YN        	0        	Birmingham
YN        	0        	Birmingham
YY        	0        	Birmingham
YY        	0        	Birmingham
YY        	0        	Birmingham
YY        	0        	Birmingham
YY        	0        	Birmingham
YY        	0        	Birmingham
YY        	0        	Birmingham
inflight  	0        	Birmingham
inflight  	0        	Birmingham
inflight  	0        	Birmingham
inflight  	0        	Birmingham
inflight  	0        	Birmingham
inflight  	0        	Birmingham
inflight  	0        	Birmingham
NN        	0        	Birmingham
NN        	0        	Birmingham
NN        	0        	Birmingham
NN        	0        	Birmingham
NN        	0        	Birmingham
NN        	0        	Birmingham
NN        	0        	Birmingham
NN        	0        	Birmingham
NY        	0        	Birmingham
NY        	0        	Birmingham
NY        	1       	Birmingham
NY        	1       	Birmingham
NY        	1       	Birmingham
NY        	1       	Birmingham
NN        	0        	Detroit   
NN        	0        	Detroit   
NN        	1       	Detroit   
NN        	0        	Detroit   
NN        	0        	Detroit   
NN        	1       	Detroit   
NN        	1       	Detroit   
NN        	0        	Detroit   
YN        	1       	Detroit   
YN        	1       	Detroit   
YN        	0        	Detroit   
YN        	0        	Detroit   
YN        	0        	Detroit   
YN        	1       	Detroit   
YN        	0        	Detroit   
YN        	1       	Detroit   
NY        	1       	Detroit   
NY        	0        	Detroit   
NY        	1       	Detroit   
NY        	0        	Detroit   
NY        	0        	Detroit   
NY        	0        	Detroit   
NY        	NA        	Detroit   
NY        	NA        	Detroit   
YY        	1       	Detroit   
YY        	1       	Detroit   
YY        	1       	Detroit   
YY        	0        	Detroit   
YY        	1       	Detroit   
YY        	1       	Detroit   
YY        	0        	Detroit   
YY        	NA        	Detroit   
inflight  	0        	Detroit   
inflight  	1       	Detroit   
inflight  	0        	Detroit   
inflight  	1       	Detroit   
inflight  	0        	Detroit   
inflight  	0        	Detroit   
inflight  	0        	Detroit   
inflight  	NA        	Detroit   
YN        	0        	Pittsburgh
YN        	0        	Pittsburgh
YN        	0        	Pittsburgh
YN        	0        	Pittsburgh
YN        	0        	Pittsburgh
YN        	1       	Pittsburgh
YN        	0        	Pittsburgh
YN        	0        	Pittsburgh
YY        	0        	Pittsburgh
YY        	0        	Pittsburgh
YY        	0        	Pittsburgh
YY        	0        	Pittsburgh
YY        	0        	Pittsburgh
YY        	0        	Pittsburgh
YY        	0        	Pittsburgh
inflight  	1       	Pittsburgh
inflight  	1       	Pittsburgh
inflight  	0        	Pittsburgh
inflight  	1       	Pittsburgh
inflight  	1       	Pittsburgh
inflight  	1       	Pittsburgh
inflight  	1       	Pittsburgh
NN        	0        	Pittsburgh
NN        	0        	Pittsburgh
NN        	0        	Pittsburgh
NN        	0        	Pittsburgh
NN        	0        	Pittsburgh
NN        	0        	Pittsburgh
NN        	0        	Pittsburgh
NN        	0        	Pittsburgh
NY        	0        	Pittsburgh
NY        	0        	Pittsburgh
NY        	0        	Pittsburgh
NY        	NA        	Pittsburgh
NY        	0        	Pittsburgh
NY        	NA        	Pittsburgh
NN        	0        	Roselawn  
NN        	0        	Roselawn  
NN        	0        	Roselawn  
NN        	1       	Roselawn  
NN        	0        	Roselawn  
NN        	1       	Roselawn  
NN        	NA        	Roselawn  
NN        	NA        	Roselawn  
YN        	1       	Roselawn  
YN        	0        	Roselawn  
YN        	0        	Roselawn  
YN        	1       	Roselawn  
YN        	0        	Roselawn  
YN        	1       	Roselawn  
YN        	1       	Roselawn  
YN        	0        	Roselawn  
NY        	0        	Roselawn  
NY        	0        	Roselawn  
NY        	0        	Roselawn  
NY        	1       	Roselawn  
NY        	0        	Roselawn  
NY        	0        	Roselawn  
NY        	0        	Roselawn  
NY        	NA        	Roselawn  
YY        	0        	Roselawn  
YY        	1       	Roselawn  
YY        	1       	Roselawn  
YY        	0        	Roselawn  
YY        	0        	Roselawn  
YY        	0        	Roselawn  
YY        	0        	Roselawn  
YY        	NA        	Roselawn  
inflight  	1       	Roselawn  
inflight  	1       	Roselawn  
inflight  	0        	Roselawn  
inflight  	1       	Roselawn  
inflight  	1       	Roselawn  
inflight  	1       	Roselawn  
inflight  	1       	Roselawn  
inflight  	NA        	Roselawn  
NN        	1       	Charlotte 
NN        	1       	Charlotte 
NN        	1       	Charlotte 
NN        	1       	Charlotte 
NN        	1       	Charlotte 
NN        	1       	Charlotte 
NN        	1       	Charlotte 
NN        	NA        	Charlotte 
YN        	1       	Charlotte 
YN        	1       	Charlotte 
YN        	1       	Charlotte 
YN        	1       	Charlotte 
YN        	1       	Charlotte 
YN        	1       	Charlotte 
YN        	1       	Charlotte 
YN        	1       	Charlotte 
NY        	1       	Charlotte 
NY        	1       	Charlotte 
NY        	1       	Charlotte 
NY        	1       	Charlotte 
NY        	1       	Charlotte 
NY        	1       	Charlotte 
NY        	1       	Charlotte 
NY        	NA        	Charlotte 
YY        	1       	Charlotte 
YY        	1       	Charlotte 
YY        	1       	Charlotte 
YY        	1       	Charlotte 
YY        	1       	Charlotte 
YY        	1       	Charlotte 
YY        	1       	Charlotte 
YY        	NA        	Charlotte 
inflight  	1       	Charlotte 
inflight  	0        	Charlotte 
inflight  	1       	Charlotte 
inflight  	1       	Charlotte 
inflight  	1       	Charlotte 
inflight  	1       	Charlotte 
inflight  	1       	Charlotte 
inflight  	NA        	Charlotte 
NN        	0        	Shemya    
NN        	0        	Shemya    
NN        	0        	Shemya    
NN        	0        	Shemya    
NN        	0        	Shemya    
NN        	0        	Shemya    
NN        	1       	Shemya    
NN        	0        	Shemya    
YN        	0        	Shemya    
YN        	0        	Shemya    
YN        	0        	Shemya    
YN        	0        	Shemya    
YN        	0        	Shemya    
YN        	0        	Shemya    
YN        	0        	Shemya    
YN        	1       	Shemya    
NY        	0        	Shemya    
NY        	0        	Shemya    
NY        	0        	Shemya    
NY        	0        	Shemya    
NY        	0        	Shemya    
NY        	0        	Shemya    
YY        	1       	Shemya    
YY        	0        	Shemya    
YY        	0        	Shemya    
YY        	0        	Shemya    
YY        	0        	Shemya    
YY        	0        	Shemya    
YY        	0        	Shemya    
inflight  	0        	Shemya    
inflight  	0        	Shemya    
inflight  	0        	Shemya    
inflight  	0        	Shemya    
inflight  	0        	Shemya    
inflight  	1       	Shemya    
inflight  	0        	Shemya    
YN        	1       	Toledo    
YN        	1       	Toledo    
YN        	0        	Toledo    
YN        	1       	Toledo    
YN        	1       	Toledo    
YN        	1       	Toledo    
YN        	1       	Toledo    
YN        	NA       	Toledo    
YY        	1       	Toledo    
YY        	1       	Toledo    
YY        	1       	Toledo    
YY        	1       	Toledo    
YY        	1       	Toledo    
YY        	1       	Toledo    
YY        	1       	Toledo    
inflight  	1       	Toledo    
inflight  	0        	Toledo    
inflight  	1       	Toledo    
inflight  	1       	Toledo    
inflight  	1       	Toledo    
inflight  	1       	Toledo    
inflight  	1       	Toledo    
inflight  	0        	Toledo    
NN        	1       	Toledo    
NN        	1       	Toledo    
NN        	1       	Toledo    
NN        	1       	Toledo    
NN        	NA       	Toledo    
NN        	1       	Toledo    
NY        	1       	Toledo    
NY        	1       	Toledo    
NY        	1       	Toledo    
NY        	1       	Toledo    
NY        	1       	Toledo    
NY        	1       	Toledo    
